,1,2,3,4,5,6,7,8,9,10,11,12,13,14,15,16,17,18,19,20,21,22,23,24,25,26,27,28,29,30,31,32,33,34,35,36,37,38,39,40,41,42,43,44,45,46,47,48,49,50,51,52,53,54,55,56,57,58,59,60,61,62,63,64,65,66,67,68,69,70,71,72,73,74,75,76,77,78,79,80,81,82,83,84,85,86,87,88,89,90,91,92,93,94,95,96,97,98,99,100,101,102,103,104,105,106,107,108,109,110,111,112,113,114,115,116,117,118,119,120,121,122,123,124,125,126,127,128,129,130,131,132,133,134,135,136,137,138,139,140,141,142,143,144,145,146,147,148,149,150,151,152,153,154,155,156,157,158,159,160,161,162,163,164,165,166,167,168,169,170,171,172,173,174,175,176,177,178,179,180,181,182,183,184,185,186,187,188,189,190,191,192,193,194,195,196,197,198,199,200,201,202,203,204,205,206,207,208,209,210,211,212,213,214,215,216,217,218,219,220,221,222,223,224,225,226,227,228,229,230,231,232,233,234,235,236,237,238,239,240,241,242,243,244,245,246,247,248,249,250,251,252,253,254,255,256,257,258,259,260,261
J1,80,36,53,21,18,129,94,137,192,9,214,132,132,99,86,240,177,13,123,185,6,141,153,223,70,101,132,194,178,18,82,55,137,1,227,243,0,13,205,215,6,118,241,35,59,61,205,141,30,237,87,212,118,140,247,45,70,249,233,253,124,198,36,55,227,197,132,247,226,170,210,19,213,229,247,175,114,119,114,210,187,18,214,50,137,143,219,236,71,242,105,48,121,206,150,118,231,232,122,0,244,197,78,202,226,92,73,88,46,189,40,142,222,45,88,171,150,101,38,167,178,99,98,239,177,10,135,115,5,128,34,59,192,32,33,100,16,170,69,120,85,157,204,204,206,150,62,32,203,19,184,131,137,13,56,188,134,83,214,167,169,107,221,159,53,213,42,166,234,2,74,23,129,174,62,86,215,29,233,255,14,207,114,197,231,35,73,132,17,10,101,9,5,202,10,115,229,60,76,49,158,242,189,104,121,138,97,46,69,65,179,196,32,216,52,75,236,120,243,32,60,137,18,138,196,235,13,197,117,182,101,2,91,198,249,75,99,174,19,21,87,188,2,117,222,42,221,15,21,11,154,215,133,113,190,151,184,133,65,242,66
B3,0,79,85,242,39,59,96,204,157,58,51,6,29,126,50,35,191,21,75,170,10,241,155,217,120,217,75,156,108,98,7,35,49,76,251,53,38,159,85,161,79,143,161,185,71,248,169,109,124,183,96,205,219,159,86,196,207,92,148,125,174,91,192,203,173,137,55,222,68,73,50,174,164,208,62,35,232,215,192,254,235,81,252,199,168,150,47,33,75,12,127,29,6,194,206,44,225,200,237,87,100,119,90,130,187,61,237,242,30,18,219,12,9,126,0,5,191,109,129,229,54,57,231,217,28,31,143,210,15,211,246,235,233,133,47,217,66,120,136,20,188,91,89,218,45,73,75,139,36,63,174,242,159,42,175,12,21,88,99,21,44,134,56,63,195,142,12,26,199,156,242,47,206,250,153,53,125,38,188,125,147,115,23,150,57,163,180,139,209,47,168,153,151,179,146,210,217,95,86,216,175,68,13,41,34,247,253,248,123,203,54,155,229,230,26,9,243,90,219,40,45,41,193,207,20,237,226,130,246,218,108,83,237,101,182,159,178,181,226,138,218,223,148,190,239,121,25,241,60,68,255,49,34,208,12,116,232,42,11,9,21
C2,0,171,173,246,85,14,207,111,7,220,173,93,110,154,188,94,205,253,114,223,254,195,2,241,225,86,237,14,43,78,233,121,39,103,118,217,179,10,52,49,133,182,185,111,91,56,138,14,156,121,135,209,60,184,196,43,220,148,191,116,74,147,93,198,73,4,44,63,130,89,202,183,172,219,105,203,109,77,222,252,166,217,183,176,108,109,38,164,182,118,226,69,187,202,73,59,101,182,45,23,91,149,113,147,74,70,26,7,163,4,155,116,2,247,97,210,123,105,7,152,52,180,186,110,218,136,141,1,68,40,217,124,20,45,4,144,150,199,48,197,227,46,156,92,151,8,228,119,132,28,69,65,14,253,166,167,254,41,7,158,20,28,144,55,142,134,103,53,67,218,8,52,237,61,198,183,158,102,167,78,51,112,196,85,184,115,4,245,185,186,153,113,93,94,179,58,47,250,121,71,125,213,5,142,106,26,246,36,141,185,0,240,220,55,97,135,27,150,55,39,75,192,33,57,96,38,159,37,19,182,26,70,219,125,131,153,62,220,15,95,110,134,87,97,67,120,255,3,60,126,155,90,63,219,128,141,237,207,182,195,231
G1,0,121,43,237,60,250,228,40,253,97,238,188,176,23,9,148,11,161,120,245,208,134,145,119,67,80,150,99,168,245,89,140,122,53,136,180,154,41,138,154,148,193,117,177,96,197,116,229,226,152,180,1,204,75,123,178,37,115,66,140,185,236,230,34,246,138,22,80,197,78,209,88,39,168,128,75,212,169,253,158,84,161,140,202,208,14,185,11,7,230,102,52,243,159,192,214,207,42,181,47,21,42,29,90,21,141,244,181,198,158,255,117,79,56,230,109,156,121,168,207,188,200,227,100,100,202,69,35,101,19,65,255,9,107,201,160,53,199,174,183,227,182,221,11,91,186,157,5,93,196,171,22,98,185,149,130,92,146,211,47,73,180,154,38,218,127,59,187,63,134,144,51,195,250,245,109,125,242,148,39,249,50,33,69,25,189,94,206,222,132,205,79,66,228,164,73,242,202,207,67,101,169,121,168,84,161,168,149,208,142,169,101,71,251,106,139,253,11,30,229,133,239,144,130,247,201,61,200,100,54,229,96,27,117,72,177,186,143,86,232,199,107,191,205,53,136,231,101,68,174,180,63,215,155,129,243,77,146,69,62,73
F2,170,40,223,68,20,45,224,132,150,75,95,183,37,194,176,105,225,30,246,28,143,13,5,179,6,236,253,121,118,24,157,3,12,209,27,174,104,134,28,118,195,65,36,192,160,59,100,191,157,216,249,68,108,83,233,239,41,86,98,25,171,91,34,172,173,226,250,102,241,4,226,115,130,115,3,172,57,216,180,80,236,18,77,62,9,184,68,3,220,57,18,129,156,229,182,135,242,161,220,197,208,43,15,137,21,129,93,144,64,200,133,27,100,39,85,181,19,161,249,213,80,31,110,140,143,4,58,34,130,88,35,45,44,150,128,92,203,20,147,110,10,18,180,25,137,150,112,34,203,177,226,172,216,85,213,194,42,237,142,195,246,43,43,139,21,245,27,177,122,173,3,180,86,39,34,193,147,132,255,73,66,167,228,168,211,231,166,215,243,185,144,239,220,73,86,218,164,219,187,229,109,201,15,186,100,81,177,131,40,161,94,188,208,42,221,70,21,250,69,42,125,69,32,230,162,131,5,161,65,124,66,117,190,114,20,70,185,254,60,79,255,104,242,85,180,111,170,223,183,134,13,70,67,240,33,35,120,56,151,113,28
H4,1,64,145,118,32,40,118,9,148,246,169,13,123,197,26,191,226,192,49,40,96,116,95,98,58,57,113,222,28,176,106,106,216,60,135,28,30,42,147,33,21,98,211,36,49,21,53,236,10,225,78,177,240,23,157,226,11,67,238,139,161,201,227,181,100,134,4,54,195,37,203,151,18,193,157,246,96,141,162,157,198,90,226,103,173,7,39,214,3,44,123,91,22,12,93,10,6,113,230,173,184,59,124,225,157,182,229,96,91,247,194,223,251,158,206,20,207,92,88,120,174,85,247,184,42,32,58,42,144,160,18,11,208,114,9,96,57,180,140,61,218,221,245,138,110,13,240,220,134,75,153,176,37,121,66,204,188,158,218,99,207,253,100,240,254,123,210,224,189,143,115,226,71,3,154,195,129,227,41,193,113,29,67,146,14,177,61,249,88,68,159,17,34,149,188,156,202,224,52,29,240,237,120,161,246,82,21,122,41,248,91,30,124,141,183,220,70,82,196,95,169,132,231,25,66,70,253,106,35,140,146,58,198,144,125,72,72,23,193,234,11,106,97,45,53,132,87,123,66,170,188,91,213,124,15,111,62,96,2,82,176
F3,85,186,77,74,93,139,96,161,197,166,254,29,211,37,30,131,146,50,131,5,25,162,4,5,209,73,124,143,164,20,176,100,138,61,192,201,158,75,3,242,37,92,48,104,174,71,117,144,35,134,151,62,67,57,122,175,156,180,138,5,218,208,229,81,104,44,80,34,150,140,69,124,70,7,183,233,3,106,64,34,181,17,249,149,8,232,255,106,116,75,158,231,165,115,129,228,57,236,91,41,118,35,5,254,17,164,239,14,82,201,101,225,100,57,4,167,156,223,114,131,239,212,20,88,234,103,101,131,51,157,65,160,78,176,37,49,88,130,57,16,65,73,191,210,36,217,26,185,236,32,183,0,16,28,76,5,142,147,111,177,73,227,97,180,113,42,130,75,149,200,248,113,228,93,46,215,174,58,157,63,29,132,169,38,66,43,168,169,149,57,127,141,28,18,28,127,137,82,0,127,169,89,137,132,44,208,150,43,232,110,234,89,183,151,41,245,75,219,135,139,109,166,119,82,83,187,211,133,93,0,124,121,128,15,76,228,135,105,214,232,180,12,98,83,134,89,25,168,44,197,73,253,98,207,53,215,103,144,229,57,72
K3,0,81,216,228,168,105,164,249,180,119,205,131,59,74,101,35,37,216,88,55,236,155,77,221,77,196,154,14,226,184,177,120,92,183,242,230,219,134,238,120,195,48,90,77,152,119,83,237,59,181,199,214,90,212,245,21,106,7,135,135,3,118,151,11,59,233,173,161,116,139,139,226,69,1,95,242,0,219,139,128,109,128,66,118,192,194,159,29,97,197,218,236,226,48,250,39,152,175,228,178,215,102,218,2,179,175,185,251,87,233,110,216,244,248,175,65,124,6,172,118,131,239,118,133,247,225,55,239,112,149,124,180,202,238,62,114,247,96,77,78,48,229,94,156,242,40,234,32,148,100,125,47,50,41,55,180,20,225,174,238,240,119,82,188,187,110,21,21,55,129,245,170,64,213,185,159,106,104,213,55,52,240,113,98,120,170,0,120,213,15,195,159,7,241,72,220,248,125,188,155,190,142,149,46,71,226,220,97,241,60,77,102,30,169,230,181,212,239,177,235,119,91,208,231,173,175,60,162,215,74,155,2,37,185,13,210,92,19,45,142,9,19,53,200,9,101,65,220,50,81,39,198,40,183,58,152,219,153,16,152,204
N1,255,58,8,18,157,113,58,234,184,98,7,124,49,228,106,53,242,42,221,19,21,125,68,218,190,89,95,238,44,229,163,195,114,237,107,222,118,201,0,168,228,65,204,174,160,175,209,193,87,219,28,167,237,205,232,150,230,112,159,19,56,6,212,38,131,162,32,72,209,189,61,152,94,106,222,85,181,220,71,61,110,80,94,108,168,123,244,134,189,37,88,157,146,120,132,63,188,246,137,123,123,92,206,35,174,35,155,204,17,121,171,179,60,200,5,70,100,187,70,209,221,14,238,12,135,115,148,135,185,12,3,113,6,206,152,15,231,212,97,26,106,89,220,236,172,185,111,162,92,179,192,184,217,244,191,79,122,117,226,244,186,12,241,108,6,57,122,252,156,2,147,114,1,21,190,236,138,5,249,251,2,78,67,28,39,2,41,63,1,184,81,121,92,8,178,127,132,141,83,231,70,175,142,180,215,232,49,115,116,144,9,89,72,245,171,246,122,76,144,32,166,123,189,130,61,64,166,5,160,37,3,169,18,13,182,235,134,112,16,124,184,45,249,203,22,41,216,222,148,188,81,37,94,48,8,123,152,192,45,39,96
